{"": {"last coord": [], "sans": ["e4", "d4", "Nf3", "c4"], "coords": [[4, 1, 4, 3], [3, 1, 3, 3], [6, 0, 5, 2], [2, 1, 2, 3]], "probas": [0.46853467742939575, 0.3568156927364544, 0.10189100921394988, 0.07275862062019994]}}