{
    "":
    {
        "last coord": [],
        "sans": ["e4", "d4", "Nf3", "c4"],
        "coords": [
            [4, 1, 4, 3],
            [3, 1, 3, 3],
            [6, 0, 5, 2],
            [2, 1, 2, 3]
        ],
        "probas": [0.4613929839433944, 0.3615504451773859, 0.10315282723059495, 0.07390374364862475]
    }
}