{
    "e4":
    {
        "last coord": [
            [4, 1, 4, 3]
        ],
        "sans": ["c5", "e5", "e6", "c6", "d6", "g6", "d5", "Nf6"],
        "coords": [
            [2, 6, 2, 4],
            [4, 6, 4, 4],
            [4, 6, 4, 5],
            [2, 6, 2, 5],
            [3, 6, 3, 5],
            [6, 6, 6, 5],
            [3, 6, 3, 4],
            [6, 7, 5, 5]
        ],
        "probas": [0.4812172087252161, 0.19353323386682011, 0.12107122023814576, 0.0799830067936453, 0.040532240414102715, 0.03853151345016648, 0.02311606293661584, 0.02201551357528769]
    },
    "d4":
    {
        "last coord": [
            [3, 1, 3, 3]
        ],
        "sans": ["Nf6", "d5", "e6", "d6", "f5", "g6", "c5"],
        "coords": [
            [6, 7, 5, 5],
            [3, 6, 3, 4],
            [4, 6, 4, 5],
            [3, 6, 3, 5],
            [5, 6, 5, 4],
            [6, 6, 6, 5],
            [2, 6, 2, 4]
        ],
        "probas": [0.6217805804028647, 0.21894529401794494, 0.044617391997808904, 0.03496636981646562, 0.030449330128222266, 0.03503519026878804, 0.014205843367905535]
    },
    "Nf3":
    {
        "last coord": [
            [6, 0, 5, 2]
        ],
        "sans": ["Nf6", "d5", "c5", "g6", "f5", "d6", "e6"],
        "coords": [
            [6, 7, 5, 5],
            [3, 6, 3, 4],
            [2, 6, 2, 4],
            [6, 6, 6, 5],
            [5, 6, 5, 4],
            [3, 6, 3, 5],
            [4, 6, 4, 5]
        ],
        "probas": [0.4418909351759285, 0.2847898908869965, 0.1315343896225098, 0.06693370556396465, 0.02807187298834192, 0.03127312779457366, 0.015506077967684993]
    },
    "c4":
    {
        "last coord": [
            [2, 1, 2, 3]
        ],
        "sans": ["Nf6", "e5", "e6", "c5", "g6", "c6", "f5", "b6"],
        "coords": [
            [6, 7, 5, 5],
            [4, 6, 4, 4],
            [4, 6, 4, 5],
            [2, 6, 2, 4],
            [6, 6, 6, 5],
            [2, 6, 2, 5],
            [5, 6, 5, 4],
            [1, 6, 1, 5]
        ],
        "probas": [0.28247103689800757, 0.25290399928255525, 0.1358227083143961, 0.10521954769005473, 0.10177240222036364, 0.06793099557793968, 0.03132806608287492, 0.02255124393380811]
    }
}