{
    "e4+c5":
    {
        "last coord": [
            [4, 1, 4, 3],
            [2, 6, 2, 4]
        ],
        "sans": ["Nf3", "Nc3", "c3"],
        "coords": [
            [6, 0, 5, 2],
            [1, 0, 2, 2],
            [2, 1, 2, 2]
        ],
        "probas": [0.8429498829751487, 0.09171501100265549, 0.06533510602219582]
    },
    "e4+e5":
    {
        "last coord": [
            [4, 1, 4, 3],
            [4, 6, 4, 4]
        ],
        "sans": ["Nf3", "Nc3", "Bc4", "f4", "d4"],
        "coords": [
            [6, 0, 5, 2],
            [1, 0, 2, 2],
            [5, 0, 2, 3],
            [5, 1, 5, 3],
            [3, 1, 3, 3]
        ],
        "probas": [0.88414914560452, 0.03830663020947139, 0.03759212914654033, 0.028128794627545594, 0.011823300411922696]
    },
    "e4+e6":
    {
        "last coord": [
            [4, 1, 4, 3],
            [4, 6, 4, 5]
        ],
        "sans": ["d4", "d3", "Nf3", "Qe2"],
        "coords": [
            [3, 1, 3, 3],
            [3, 1, 3, 2],
            [6, 0, 5, 2],
            [3, 0, 4, 1]
        ],
        "probas": [0.8839846563339692, 0.07319570462380029, 0.02283405346394041, 0.0199855855782901]
    },
    "e4+c6":
    {
        "last coord": [
            [4, 1, 4, 3],
            [2, 6, 2, 5]
        ],
        "sans": ["d4", "Nc3", "c4", "Nf3", "d3"],
        "coords": [
            [3, 1, 3, 3],
            [1, 0, 2, 2],
            [2, 1, 2, 3],
            [6, 0, 5, 2],
            [3, 1, 3, 2]
        ],
        "probas": [0.7795621263574959, 0.08692547025794949, 0.050470640766843405, 0.05168218114835816, 0.031359581469353075]
    },
    "e4+d6":
    {
        "last coord": [
            [4, 1, 4, 3],
            [3, 6, 3, 5]
        ],
        "sans": ["d4", "Nc3", "Nf3", "f4"],
        "coords": [
            [3, 1, 3, 3],
            [1, 0, 2, 2],
            [6, 0, 5, 2],
            [5, 1, 5, 3]
        ],
        "probas": [0.9555826909867969, 0.027383042051438603, 0.007442719317676272, 0.009591547644088209]
    },
    "e4+g6":
    {
        "last coord": [
            [4, 1, 4, 3],
            [6, 6, 6, 5]
        ],
        "sans": ["d4", "Nc3", "Nf3"],
        "coords": [
            [3, 1, 3, 3],
            [1, 0, 2, 2],
            [6, 0, 5, 2]
        ],
        "probas": [0.9655512688287049, 0.025975018144314146, 0.008473713026980913]
    },
    "e4+d5":
    {
        "last coord": [
            [4, 1, 4, 3],
            [3, 6, 3, 4]
        ],
        "sans": ["exd5", "Nc3"],
        "coords": [
            [4, 3, 3, 4],
            [1, 0, 2, 2]
        ],
        "probas": [0.9748880824042325, 0.02511191759576748]
    },
    "e4+Nf6":
    {
        "last coord": [
            [4, 1, 4, 3],
            [6, 7, 5, 5]
        ],
        "sans": ["e5", "Nc3", "d3"],
        "coords": [
            [4, 3, 4, 4],
            [1, 0, 2, 2],
            [3, 1, 3, 2]
        ],
        "probas": [0.85094460454691, 0.1264178304884357, 0.022637564964654303]
    },
    "d4+Nf6":
    {
        "last coord": [
            [3, 1, 3, 3],
            [6, 7, 5, 5]
        ],
        "sans": ["c4", "Nf3", "Bg5", "Nc3", "Bf4"],
        "coords": [
            [2, 1, 2, 3],
            [6, 0, 5, 2],
            [2, 0, 6, 4],
            [1, 0, 2, 2],
            [2, 0, 5, 3]
        ],
        "probas": [0.6968102755462761, 0.2274215689459079, 0.04455087020002909, 0.01642982245367309, 0.014787462854113862]
    },
    "d4+d5":
    {
        "last coord": [
            [3, 1, 3, 3],
            [3, 6, 3, 4]
        ],
        "sans": ["c4", "Nf3", "Bf4", "Nc3", "Bg5"],
        "coords": [
            [2, 1, 2, 3],
            [6, 0, 5, 2],
            [2, 0, 5, 3],
            [1, 0, 2, 2],
            [2, 0, 6, 4]
        ],
        "probas": [0.7359515746039793, 0.20206866321183115, 0.03298117869976909, 0.01488790593498675, 0.014110677549433731]
    },
    "d4+e6":
    {
        "last coord": [
            [3, 1, 3, 3],
            [4, 6, 4, 5]
        ],
        "sans": ["c4", "Nf3", "e4", "g3", "Bf4"],
        "coords": [
            [2, 1, 2, 3],
            [6, 0, 5, 2],
            [4, 1, 4, 3],
            [6, 1, 6, 2],
            [2, 0, 5, 3]
        ],
        "probas": [0.6172236498903885, 0.24793491117421104, 0.09742374389816338, 0.025062318678651375, 0.012355376358585723]
    },
    "d4+d6":
    {
        "last coord": [
            [3, 1, 3, 3],
            [3, 6, 3, 5]
        ],
        "sans": ["Nf3", "e4", "c4", "g3"],
        "coords": [
            [6, 0, 5, 2],
            [4, 1, 4, 3],
            [2, 1, 2, 3],
            [6, 1, 6, 2]
        ],
        "probas": [0.4237829191848992, 0.3310823136030537, 0.2084712111184646, 0.036663556093582524]
    },
    "d4+f5":
    {
        "last coord": [
            [3, 1, 3, 3],
            [5, 6, 5, 4]
        ],
        "sans": ["g3", "c4", "Nf3", "Nc3", "Bg5", "e4", "Bf4"],
        "coords": [
            [6, 1, 6, 2],
            [2, 1, 2, 3],
            [6, 0, 5, 2],
            [1, 0, 2, 2],
            [2, 0, 6, 4],
            [4, 1, 4, 3],
            [2, 0, 5, 3]
        ],
        "probas": [0.36847351294303893, 0.16918568858303226, 0.16798918442049315, 0.1313604763654635, 0.09882101729442797, 0.049482776135093845, 0.014687344258450353]
    },
    "d4+g6":
    {
        "last coord": [
            [3, 1, 3, 3],
            [6, 6, 6, 5]
        ],
        "sans": ["c4", "e4", "Nf3", "g3", "Bf4"],
        "coords": [
            [2, 1, 2, 3],
            [4, 1, 4, 3],
            [6, 0, 5, 2],
            [6, 1, 6, 2],
            [2, 0, 5, 3]
        ],
        "probas": [0.4647434072528759, 0.3550681233455027, 0.15042934371258757, 0.02307850563639359, 0.00668062005264025]
    },
    "d4+c5":
    {
        "last coord": [
            [3, 1, 3, 3],
            [2, 6, 2, 4]
        ],
        "sans": ["d5", "e3", "c3", "dxc5", "Nf3", "e4"],
        "coords": [
            [3, 3, 3, 4],
            [4, 1, 4, 2],
            [2, 1, 2, 2],
            [3, 3, 2, 4],
            [6, 0, 5, 2],
            [4, 1, 4, 3]
        ],
        "probas": [0.8072516528846583, 0.06041397030226909, 0.05824147098765039, 0.0333286578640331, 0.01890058464618386, 0.021863663315205263]
    },
    "Nf3+Nf6":
    {
        "last coord": [
            [6, 0, 5, 2],
            [6, 7, 5, 5]
        ],
        "sans": ["c4", "g3", "d4", "b3"],
        "coords": [
            [2, 1, 2, 3],
            [6, 1, 6, 2],
            [3, 1, 3, 3],
            [1, 1, 1, 2]
        ],
        "probas": [0.580868754410187, 0.2952050285516733, 0.08441251813361672, 0.03951369890452294]
    },
    "Nf3+d5":
    {
        "last coord": [
            [6, 0, 5, 2],
            [3, 6, 3, 4]
        ],
        "sans": ["g3", "d4", "c4", "e3", "b3"],
        "coords": [
            [6, 1, 6, 2],
            [3, 1, 3, 3],
            [2, 1, 2, 3],
            [4, 1, 4, 2],
            [1, 1, 1, 2]
        ],
        "probas": [0.4054811324359917, 0.24938537347420708, 0.24235433331011516, 0.05476470733315644, 0.04801445344652959]
    },
    "Nf3+c5":
    {
        "last coord": [
            [6, 0, 5, 2],
            [2, 6, 2, 4]
        ],
        "sans": ["c4", "g3", "e4", "b3", "e3", "c3"],
        "coords": [
            [2, 1, 2, 3],
            [6, 1, 6, 2],
            [4, 1, 4, 3],
            [1, 1, 1, 2],
            [4, 1, 4, 2],
            [2, 1, 2, 2]
        ],
        "probas": [0.5583845240792434, 0.2300299093599625, 0.12125046488464448, 0.05321985160739655, 0.02606488863430072, 0.011050361434452333]
    },
    "Nf3+g6":
    {
        "last coord": [
            [6, 0, 5, 2],
            [6, 6, 6, 5]
        ],
        "sans": ["d4", "c4", "g3", "e4"],
        "coords": [
            [3, 1, 3, 3],
            [2, 1, 2, 3],
            [6, 1, 6, 2],
            [4, 1, 4, 3]
        ],
        "probas": [0.3209068166151606, 0.24422086421761122, 0.20331962419933236, 0.23155269496789585]
    },